enumeration,size,extent,label_count,min,max,mean,stdev,ci95_min,ci95_max
283,6,14.644684871993665,3,31497.221358,32086.714829,31857.302795799995,218.74740178623517,31585.692022318955,32128.913569281034
282,6,14.30849778977514,4,15824.928091,16214.906867,15993.1112578,168.97912772019077,15783.295958475515,16202.926557124483
281,6,14.025776484744084,3,24247.952211,24856.33746,24682.211122200002,249.2249882238279,24372.757426889704,24991.6648175103
280,6,14.005801869225483,4,98144.307593,103757.081452,101044.6507928,2597.1855162643155,97819.81904080664,104269.48254479337
279,6,13.239388883177352,5,23351.187837,24839.000987,24124.330531800002,688.6076643839006,23269.311186102557,24979.349877497447
278,6,12.981644502912564,4,6749.326917,7104.453468,6938.273083,141.93168201305087,6762.0416232512725,7114.5045427487275
277,6,12.376384528609314,3,7332.737188,7644.534925,7434.745371,130.09754967865217,7273.207927319926,7596.282814680074
276,6,12.199544622648826,4,6425.646413,6689.196542,6555.3750598,111.17667811423948,6417.330981154577,6693.4191384454225
275,6,11.561411375779342,4,5907.038308,6191.004748,6100.1932742,113.89119386818713,5958.77867907056,6241.607869329439
274,6,8.474292536843416,5,5976.050152,6327.540917,6146.4374216,148.13442275245686,5962.504241985458,6330.370601214541
273,5,14.954176975012702,5,13077.442456,14546.178513,13845.367151200004,575.873419818191,13130.325858335458,14560.40844406455
272,5,14.847636444902601,5,56546.023186,66066.067843,60780.10170680001,3925.9750246267545,55905.35986118869,65654.84355241133
271,5,14.82831295191735,5,20092.19525,28245.968632,23699.393008400002,3215.074613089814,19707.35061004533,27691.435406754674
270,5,14.769897393008524,5,14691.489459,15546.208678,14919.974986399999,353.599558194665,14480.923145237284,15359.026827562713
269,5,14.718317431010924,5,19317.050653,19776.767259,19614.314574199998,187.57087461118866,19381.414572098736,19847.21457630126
268,5,14.703180812327652,4,25920.985707,27341.851049,26650.9273456,655.9330726278262,25836.47886413946,27465.375827060543
267,5,14.62719214340196,5,18077.142737,18414.636207,18167.336743800002,141.38472931577186,17991.784415524162,18342.889072075843
266,5,14.611986073083976,5,11551.494553,12914.913094,11928.2331422,585.7048788948038,11200.984480551,12655.481803849001
265,5,14.566387884441358,5,6184.549143,6562.780717,6344.1145782,147.17915852780504,6161.367515781904,6526.861640618096
264,5,14.52716228311641,5,19052.162323,20426.924967,19805.6038516,593.7476233092933,19068.36880376542,20542.83889943458
263,5,14.461774649053275,5,51704.06055,62577.867996,56182.726199000004,3950.17573571841,51277.93520169719,61087.51719630282
262,5,14.415409012580946,4,9143.94597,9964.266915,9431.1264924,322.5809175184534,9030.58938063567,9831.66360416433
261,5,13.908869292649205,3,5934.738918,6113.910587,6023.0756458000005,68.68681562487522,5937.789699692842,6108.361591907159
260,5,13.723752438746482,4,25368.432833,26422.653017,25960.2719592,381.32389857975,25486.795802709403,26433.748115690596
259,5,13.299519465003238,5,5549.760514,5852.659489,5673.824551799999,121.30204660570142,5523.208167630994,5824.440935969005
258,5,13.230815734488944,5,6910.92812,7065.121066,6991.7018876,65.42291400648097,6910.468610625819,7072.935164574182
257,5,13.142463125304936,4,7386.25884,7859.872537,7638.2983022,211.5777475101036,7375.589830312627,7901.006774087373
256,5,13.109705221705028,4,11281.993158,12041.445442,11623.8640802,343.4629729625201,11197.398471983952,12050.32968841605
255,5,12.37261451755448,4,6288.075643,6469.853868,6354.6468744,71.16995451211409,6266.277704134217,6443.016044665784
254,5,12.119577467882285,5,5321.748603,5463.301062,5388.6002766,59.374852048506376,5314.876660417456,5462.323892782544
253,5,11.962080964447617,4,5062.76268,5180.15604,5095.710771,48.84242594184389,5035.064889126996,5156.356652873004
252,5,11.289453175419968,3,4910.122944,5119.784188,4967.7391802,85.92428542123162,4861.050088427964,5074.428271972037
251,5,10.961915799713115,3,5020.459216,5223.817067,5091.568216000001,81.82635549974927,4989.967376278302,5193.169055721699
250,5,10.912118126193468,3,5554.002281,5739.174593,5626.0179588,78.58291128015637,5528.444386995692,5723.591530604308
249,4,14.980441315261709,4,7886.969885,8709.471782,8210.8928504,336.7653587914342,7792.743428573511,8629.042272226488
248,4,14.913481451358031,4,6118.746522,6292.365133,6185.090862999999,69.84553839266934,6098.366172548264,6271.815553451735
247,4,14.861490672203782,3,8688.177796,9243.107334,9053.3813144,229.34068086582593,8768.617247663758,9338.14538113624
246,4,14.856746447321497,4,8640.50484,9649.485569,8933.968641,412.3518659758772,8421.96617445868,9445.97110754132
245,4,14.839034571022463,3,5566.012259,5744.622495,5649.221854,84.7791486148165,5543.954637373416,5754.489070626585
244,4,14.832594816821498,3,5204.364813,5464.725012,5333.960210200001,101.090132481728,5208.440232131898,5459.480188268104
243,4,14.82567104720727,3,5709.940047,6023.500423,5817.6782774,123.2092292783766,5664.693813168488,5970.662741631512
242,4,14.804840897490253,4,7706.603696,8450.164932,7929.853185800001,313.393546789715,7540.723701506959,8318.982670093043
241,4,14.729112566614461,3,5569.259928,5826.790915,5635.1719266,107.87548650515582,5501.2268187264835,5769.1170344735165
240,4,14.681757524220322,4,5344.704732,5603.294961,5442.8406544,98.35778825203316,5320.713329792389,5564.967979007611
239,4,14.616879181275324,4,5724.374298,6318.756295,5885.042651199999,244.33787659836636,5581.657106449849,6188.4281959501495
238,4,14.546125016649622,3,6319.915014,6634.186001,6483.765761,133.778931163819,6317.657278466435,6649.874243533564
237,4,14.455067104652262,4,5684.101775,5913.408162,5770.7051344,89.5261360253491,5659.5437544062115,5881.866514393789
236,4,14.431603930263602,3,6315.978389,6645.54812,6450.1435638,123.53462536542143,6296.755066962074,6603.532060637926
235,4,14.357175697190588,3,5238.152818,5762.813147,5433.6214668,249.07604565606067,5124.352708113888,5742.890225486112
234,4,14.305682157800094,4,5390.671746,5597.762635,5482.4069848,75.62179104866108,5388.510129381255,5576.303840218745
233,4,14.26698026913895,3,5335.533032,5566.129027,5412.398916599999,89.42001261357197,5301.369306225972,5523.428526974027
232,4,14.200194435288553,3,7432.770012,7624.795741,7544.3713468000005,72.61513873636017,7454.207743312314,7634.534950287687
231,4,14.128100580049676,3,5582.358012,5774.690944,5633.4403228,79.50913651868005,5534.716690462864,5732.163955137136
230,4,14.092409481703253,4,6734.060686,7315.841868,6905.705002799999,238.22369445398894,6609.911217896493,7201.4987877035055
229,4,13.957867781290952,4,6614.597788,6963.647081,6809.748408199999,125.4913309053957,6653.930340538158,6965.56647586184
228,4,13.90717530629423,4,5374.537333,5729.436067,5539.2566446,128.83329907680658,5379.288975376843,5699.224313823157
227,4,13.879898450637164,3,5585.73237,5845.803096,5649.908667599999,110.70894102324337,5512.445361261052,5787.371973938945
226,4,13.715326499941579,3,7081.565376,7517.046706,7274.1887534,161.75827038832546,7073.339332660079,7475.038174139921
225,4,13.677096256150278,3,5191.493602,5378.554736,5239.6879426,78.82095906657756,5141.818795429459,5337.55708977054
224,4,13.63675100601313,2,5418.499968,5689.898041,5517.557570800001,103.13211612777282,5389.502135153846,5645.613006446155
223,4,13.629796880364724,2,5476.139664,5742.27049,5589.7357376,106.13555038387143,5457.951045767317,5721.520429432683
222,4,13.618539165417117,3,5765.748553,6039.257188,5885.445344,98.72842953714496,5762.857807452448,6008.032880547552
221,4,13.5530875449102,4,5061.185282,5240.626723,5150.2970743999995,68.54322534062828,5065.189419179271,5235.404729620728
220,4,13.489525454959495,4,5564.469961,5792.287747,5649.6595787999995,98.60271768869438,5527.228134128806,5772.091023471193
219,4,13.467780292238215,2,4847.798467,5065.363992,4930.093136400001,105.48134310949843,4799.120750187218,5061.065522612784
218,4,13.376982694165386,4,5123.603155,5265.730362,5189.5001054,66.49919025130812,5106.930454960581,5272.0697558394195
217,4,13.325348775923274,4,4984.942661,5132.88043,5042.3281816,59.80423834872564,4968.071411907186,5116.5849512928135
216,4,13.317099909514834,4,5362.851896,5632.413072,5466.3806388,99.76624770333625,5342.50448079889,5590.256796801111
215,4,13.264469910252728,4,5020.40273,5158.104454,5076.6670498,58.8993665019913,5003.533826902192,5149.800272697808
214,4,13.259142468500741,3,5050.513367,5217.053532,5137.001144,65.39044737000529,5055.80817967947,5218.194108320529
213,4,13.257917596666536,3,5092.523614,5219.570897,5149.7339622,57.81592388394193,5077.946010995057,5221.521913404943
212,4,13.176777489204254,4,5047.640381,5187.951227,5110.6100612,59.98818271316075,5036.12489441221,5185.09522798779
211,4,13.171186506917284,3,5663.932186,5740.798966,5704.1073142,30.89252082385209,5665.7491832817395,5742.46544511826
210,4,13.144010080641312,4,5730.440662,6185.960364,5863.1458664,183.7709187404042,5634.964132697949,6091.327600102051
209,4,12.941938533311001,3,5278.721447,5487.183311,5375.2034088,82.8143565980236,5272.375803684467,5478.031013915533
208,4,12.887355585999785,3,5040.887049,5284.337479,5128.768837600001,104.26358313685945,4999.308500103599,5258.229175096402
207,4,12.801833931120964,3,7458.096455,8039.053519,7672.180843799999,217.03812802785228,7402.692414007682,7941.669273592316
206,4,12.6732929422467,3,5068.289209,5446.674033,5150.778953399999,166.02491460556277,4944.631794142733,5356.926112657266
205,4,12.65415275709915,3,4981.443968,5217.476456,5041.3306566,98.99628776322993,4918.410530136517,5164.250783063483
204,4,12.64655917631353,2,4873.447125,5028.358332,4924.6949509999995,62.90834360765889,4846.5839255607825,5002.8059764392165
203,4,12.638464819747691,4,5372.160938,5557.99998,5475.506100799999,76.07374914606852,5381.048065283043,5569.964136316956
202,4,12.477679792333186,3,5241.164332,5391.391366,5310.6312418,53.45279758994598,5244.260827433578,5377.0016561664215
201,4,12.261958611902095,4,4958.199722,5376.008673,5053.610297,180.8634209741079,4829.038698598984,5278.181895401016
200,4,11.967067518820139,4,5054.419718,5169.096528,5113.9281498,41.98525502383627,5061.796570184866,5166.059729415134
199,4,11.946249369572026,4,5169.349398,5318.020476,5257.448104000001,69.21393822605431,5171.507648736361,5343.388559263641
198,4,11.80165056252726,4,5101.749871,5272.463492,5158.5013194,69.50542120779237,5072.198940211871,5244.80369858813
197,4,11.783836302325318,4,5027.598936,5207.872877,5087.609092000001,69.90333307295623,5000.812639974471,5174.405544025531
196,4,11.709386918195165,4,5048.734455,5252.549858,5115.578167,91.10224764302927,5002.459785953512,5228.696548046487
195,4,11.700078760418668,4,5008.282336,5203.296595,5080.8739236,86.9317437126906,4972.933907137848,5188.813940062152
194,4,11.685460025176583,4,4876.48413,5117.776571,4948.928804599999,96.81287020410777,4828.719749112549,5069.13786008745
193,4,11.595007977573792,4,4878.029076,4995.552619,4936.8017782,51.68117712947218,4872.631121177687,5000.972435222312
192,4,11.560513050898734,4,5070.599531,5235.68295,5127.9956836,64.08216419270248,5048.427167400078,5207.564199799922
191,4,11.482446298589865,4,5072.185874,5247.510295,5144.9663738,68.86797140757204,5059.455493079415,5230.477254520585
190,4,11.35694100539402,3,5137.024497,5314.160215,5219.6745196,81.02721304438279,5119.065946294502,5320.283092905498
189,4,11.282009129583258,3,4835.709413,4983.789474,4884.9844133999995,61.41611332573312,4808.72623657876,4961.242590221239
188,4,11.191045125456336,4,5267.747564,5438.654075,5360.614071800001,81.23687206817044,5259.745172432784,5461.482971167217
187,4,11.187503564245244,3,5236.748186,5407.585459,5313.3854706,74.66123267096536,5220.681305936936,5406.089635263064
186,4,11.16628447604663,4,4922.135099,5103.567662,4972.6909252000005,74.85336500486854,4879.748196735053,5065.633653664948
185,4,11.072573007210208,4,5096.549037,5325.588281,5178.2959258,89.97883781159328,5066.572442296346,5290.019409303654
184,4,11.054883536247678,4,5131.110887,5349.228623,5221.6030838,96.212765210846,5102.139157077777,5341.0670105222225
183,4,11.022838155393554,4,5061.75379,5198.302228,5101.1257755999995,57.69878539534122,5029.4832710391465,5172.768280160853
182,4,10.929883302213245,4,4891.460118,5131.864077,4973.4315016,94.26966011240305,4856.380258523084,5090.482744676916
181,4,10.752204378637906,4,5250.748065,5413.397982,5294.4236172,67.46028612360512,5210.660608617205,5378.186625782795
180,4,10.73007595499678,4,5055.374786,5184.034569,5093.6639376,52.90747655062245,5027.970628735526,5159.357246464475
179,4,10.725487308276488,3,4800.758186,5160.462196,4930.1386092,142.61620577527637,4753.0572009398575,5107.220017460143
178,4,10.720113852007357,3,4978.058794,5210.565108,5030.1805104,101.14687929504049,4904.590071856798,5155.770948943201
177,4,10.665358174951274,3,5072.769078,5275.162179,5150.087025000001,94.81609007140543,5032.3572995154955,5267.816750484506
176,4,10.650040985836625,4,4900.014344,5053.746708,4960.71708,60.2066556841493,4885.960643189571,5035.47351681043
175,4,10.644377201132999,3,4707.816532,4835.095789,4761.7187292,51.19844882824285,4698.147458530199,4825.2899998698
174,4,10.62240942536108,3,4867.820809,4993.132698,4928.5655694,48.5572743772785,4868.273749958726,4988.857388841274
173,4,10.605933857987235,3,4919.794941,5109.019273,4982.5127998,74.92016607001487,4889.487126857423,5075.538472742576
172,4,10.540747981049543,2,4787.579887,4987.003713,4865.873888,85.28981831250265,4759.972591194865,4971.775184805135
171,4,10.516640670860635,3,4992.660546,5117.691023,5042.6539826,46.26997383667517,4985.202221892881,5100.105743307118
170,4,10.505339309132285,4,4905.491645,5010.064164,4941.6789032,43.24736844487732,4887.980202788411,4995.377603611589
169,4,10.452950875231355,4,4810.887015,4952.061661,4881.106117,66.19850935618511,4798.90981120298,4963.302422797021
168,4,10.431845905687059,2,4805.177468,4901.28515,4869.339859,40.87058597452302,4818.592323813221,4920.0873941867785
167,4,10.200884765548526,4,4837.589351,4985.979132,4899.2107686,57.75077188359353,4827.503714288296,4970.917822911704
166,4,10.175821441043468,4,4955.940636,5150.638145,5001.6238526,83.72616805837936,4897.664084021067,5105.583621178933
165,4,10.153603744484021,4,4967.537643,5263.093989,5041.1817722,124.96577871131376,4886.016263776685,5196.347280623314
164,4,10.12415710071707,4,5065.062067,5135.842888,5105.8733166,36.17333022756374,5060.958194764199,5150.788438435801
163,4,9.998148878667491,4,5094.71218,5242.998726,5135.9588972,61.679614105479516,5059.373540947072,5212.544253452928
162,4,9.832138221160237,3,5097.672626,5228.99315,5146.78796,49.921869084204985,5084.801772439105,5208.774147560895
161,4,9.824311986088391,4,4775.152308,4897.825822,4819.223025400001,52.699158875705024,4753.788377092644,4884.657673707357
160,4,9.607672663033437,4,4825.003505,4973.492342,4888.7124642,60.33711375047535,4813.794042305349,4963.630886094651
159,4,9.52049048106241,3,5100.805494,5238.480551,5151.0932538,52.79377531525128,5085.5411236660275,5216.645383933972
158,4,9.420830271265903,2,5020.528286,5231.949367,5081.7092452,86.78924721910128,4973.946161503796,5189.472328896203
157,4,9.250701649064245,3,4853.159187,4969.617986,4908.8973254,47.31164374050785,4850.152160675363,4967.642490124637
156,4,9.103356359057901,2,4803.24267,5068.783,4876.812837199999,110.82715514385929,4739.202748643414,5014.422925756584
155,4,9.03502396233679,4,4978.948836,5285.415937,5069.746315599999,124.10096826836525,4915.654611168896,5223.838020031103
154,4,8.888601408545664,3,4808.789991,5104.581365,4901.1901712,122.16800550943212,4749.498557036377,5052.881785363623
153,4,8.352156428132798,2,5045.585551,5198.803049,5116.7377192,64.15466960671158,5037.079175637835,5196.396262762166
152,4,8.323286970902783,3,4945.188263,5094.064401,5007.5748376,61.99291757795574,4930.600463704811,5084.549211495189
151,4,5.958481098400833,3,5009.103148,5264.332691,5072.802189200001,107.61144197362549,4939.1849359151865,5206.419442484815
150,4,5.497307704685995,3,4956.784786,5128.614806,5012.694073199999,70.51237431257805,4925.141396593858,5100.2467498061405
149,3,14.996175078999318,3,5103.134693,5274.231537,5164.5707276,67.72146405792519,5080.483423779056,5248.658031420945
148,3,14.993024578116318,3,5223.465035,5419.788697,5325.5694156,80.22666206483841,5225.954857624464,5425.183973575536
147,3,14.930259642752365,3,5236.97434,5513.010433,5368.8099732,112.44579343167716,5229.190079755447,5508.429866644553
146,3,14.881430643590681,3,5117.037024,5263.446894,5185.6464696,69.38700400312783,5099.491124791661,5271.80181440834
145,3,14.876109101509053,3,4961.668818,5157.656634,5027.9424602,75.66100018250044,4933.996920211369,5121.888000188631
144,3,14.804918540809334,3,5051.315196,5224.887143,5145.693753199999,69.1600735966258,5059.820179707493,5231.567326692506
143,3,14.791947268699952,1,5027.890476,5225.05366,5099.0748584,76.48147705927585,5004.110561812184,5194.039154987817
142,3,14.753539880313468,3,5016.636292,5199.752846,5085.2196084,74.69301913727949,4992.4759756260855,5177.963241173914
141,3,14.657995702005097,3,5013.873242,5285.761094,5090.287060199999,112.41224276590162,4950.708825409253,5229.8652949907455
140,3,14.628470665110555,3,5177.094867,5362.162223,5231.4162122,75.45998675847949,5137.720263343115,5325.112161056884
139,3,14.6048532686912,3,5236.511337,5339.28349,5291.268887200001,37.08345814798575,5245.223692291725,5337.314082108277
138,3,14.602006642924115,3,5112.687485,5298.63708,5197.085948,76.63987644804969,5101.924972593819,5292.246923406181
137,3,14.584132953316077,3,5279.385028,5406.510532,5333.8862568,54.76025653156379,5265.892417736747,5401.880095863254
136,3,14.402296240530543,2,5100.533698,5250.348413,5173.2913528,57.98837822711654,5101.289271245817,5245.293434354183
135,3,14.386070311242053,2,5241.558604,5467.276247,5330.5567492,88.51694775548977,5220.648441948224,5440.465056451776
134,3,14.275771292648251,3,4982.126257,5121.080102,5038.74748,53.55178979859048,4972.254150572009,5105.240809427991
133,3,14.202437044394884,3,5142.49619,5358.87079,5226.951550400001,88.87172249885937,5116.602732121939,5337.300368678063
132,3,14.18458522481359,3,5159.930812,5376.188703,5265.5957712,97.89383705600646,5144.044518089382,5387.147024310618
131,3,14.180593252752155,3,5224.707439,5378.824723,5281.4401256,60.7268096965707,5206.037832278867,5356.842418921133
130,3,14.176964731563666,3,5378.888335,5598.053192,5486.922122800001,95.75354638513865,5368.028391560919,5605.815854039082
129,3,14.103131744403438,3,5007.469405,5175.213025,5072.6327656,73.2219300611067,4981.715731170003,5163.549800029998
128,3,14.055376515767907,2,5079.921551,5322.939751,5165.5098808,103.45842005617743,5037.0492853135,5293.9704762865
127,3,13.998937781131826,3,5298.795117,5465.622633,5380.0373248000005,75.48779445391422,5286.306848128824,5473.767801471177
126,3,13.926505699564414,3,5129.736052,5341.94479,5197.967514399999,89.23503451717816,5087.167584668706,5308.767444131293
125,3,13.87498861260794,3,4986.84322,5142.388103,5032.8220066,62.543253135912295,4955.164300855609,5110.479712344391
124,3,13.847377260694529,3,5092.748218,5243.157541,5156.3162558,61.39988433354462,5080.078229934087,5232.554281665914
123,3,13.820447785799127,2,5032.753638,5206.216885,5096.0287282,79.46880032617938,4997.355179860913,5194.702276539087
122,3,13.812413185247536,3,4978.383454,5136.735058,5077.9384024,62.32656381784901,5000.549751980626,5155.327052819374
121,3,13.800694112978519,3,5069.830346,5269.077288,5135.8601923999995,81.38884151290641,5034.802598044439,5236.91778675556
120,3,13.736321814809084,2,4994.67593,5091.933243,5022.1002278,39.692651469672874,4972.81529148004,5071.385164119959
119,3,13.723295121799284,3,4864.911298,5011.083916,4916.2144732,62.28825258593225,4838.873392458021,4993.555553941978
118,3,13.713711496163246,3,4841.626767,5207.69863,4936.5699282,154.43654451414275,4744.811630882181,5128.328225517818
117,3,13.652613339577155,3,5149.42555,5297.191143,5194.7631132,60.84868950750711,5119.209486105529,5270.31674029447
116,3,13.622226983867213,2,4801.18661,5023.114307,4872.4317524,88.22628868211942,4762.884346055355,4981.979158744644
115,3,13.523326365950059,3,4902.235443,5044.026831,4979.9383104,54.412654159501265,4912.376076687799,5047.500544112201
114,3,13.428353957205626,3,4861.241608,4987.944341,4910.1763932,54.01108430308833,4843.112774321239,4977.2400120787615
113,3,13.392924923257054,3,4937.237592,5223.736497,5029.3063204,111.57607715143286,4890.766322349209,5167.846318450791
112,3,13.366897957267424,2,4951.849361,5010.051562,4974.2942518,21.459505090000533,4947.648756912197,5000.939746687803
111,3,13.31811720927549,3,5051.907129,5239.907434,5105.926925,77.40955888116682,5009.810262626629,5202.04358737337
110,3,13.299544841835756,2,5075.889114,5275.9672,5160.9584067999995,75.27149124130548,5067.4965060405975,5254.420307559401
109,3,13.298977479490663,3,5069.32976,5542.672844,5220.173939,188.43006037656272,4986.207116866172,5454.140761133828
108,3,13.284637556215074,3,4945.125901,5176.245139,5019.350719599999,94.61361638296663,4901.872398404996,5136.829040795003
107,3,13.145665217097228,2,4946.239075,5223.428265,5034.050767999999,111.87542649058967,4895.139078651915,5172.962457348083
106,3,13.142932169040519,3,5011.216109,5168.411713,5066.274196,60.89647972093287,4990.661229518057,5141.887162481944
105,3,12.991303475787177,3,4983.439798,5202.871303,5067.1729226,91.85807642086405,4953.11605617133,5181.22978902867
104,3,12.986418828915074,3,5186.442897,5320.788214,5236.2107148000005,53.20014746143592,5170.154007002271,5302.26742259773
103,3,12.830341110040681,2,5006.591536,5139.468167,5053.7870786,58.82618137953499,4980.744727033945,5126.829430166055
102,3,12.71866474910004,3,4888.912131,5049.116237,4933.2140297999995,66.10220969753067,4851.137295822161,5015.290763777838
101,3,12.667119404189732,3,4844.901572,5003.327642,4885.620313,66.27361000936125,4803.330757425695,4967.909868574306
100,3,12.661331288612582,2,5009.61366,5171.736291,5073.1772732,68.33275838224061,4988.330947224295,5158.0235991757045
99,3,12.604022611848967,2,4906.612111,5105.724099,4994.806843,91.18230202943455,4881.589061304022,5108.024624695979
98,3,12.577873786932352,3,5068.532899,5274.554166,5130.3947274,82.00826390317032,5028.568018562817,5232.221436237183
97,3,12.52615663322154,3,5018.735961,5236.202864,5078.1963168,94.04716127844578,4961.421342514834,5194.971291085167
96,3,12.407370833500543,2,5024.634239,5193.058352,5068.8072964,69.91173983888764,4982.000405995873,5155.614186804128
95,3,12.216960792275632,3,4963.851406,5215.705401,5031.315159,105.08980169116005,4900.828935670142,5161.801382329858
94,3,12.147144314611563,3,4902.818816,5243.850782,4987.880523,143.75799422920952,4809.381397123136,5166.379648876864
93,3,12.083738742624321,2,5090.634066,5171.316732,5116.386439600001,32.37154536570834,5076.191857155777,5156.5810220442245
92,3,12.082551303429257,2,4872.824797,5094.981068,4946.0188452,88.50685960119559,4836.123064046219,5055.914626353781
91,3,12.035348852442954,3,4879.181228,5014.034786,4919.4239858,55.68297521945197,4850.2844401616,4988.5635314384
90,3,12.008326028218923,3,4853.409897,5150.262101,4929.164913799999,125.06979571816392,4773.870251204086,5084.459576395912
89,3,11.865685188812321,2,5006.857146,5239.567551,5101.445681800001,116.95644501098779,4956.225074681339,5246.666288918663
88,3,11.852028560546081,3,5033.5233,5227.01393,5080.425868599999,82.4718755803358,4978.023509834171,5182.828227365828
87,3,11.842738661306344,3,4950.108523,5100.842849,4999.7665812,63.243886485855484,4921.238924249099,5078.2942381509
86,3,11.841845886516172,2,4808.470481,4963.896407,4863.8243974,60.30071814957945,4788.951166612671,4938.6976281873285
85,3,11.662092565230308,2,4948.078558,5154.309441,5008.739761000001,82.77816227504339,4905.957097072249,5111.522424927753
84,3,11.629923602500575,3,4784.09915,4927.319751,4835.1599028,56.015390236602684,4765.607609402368,4904.712196197632
83,3,11.629011393923388,2,4828.79987,5026.297619,4878.4271068,83.0740534450197,4775.277045459126,4981.577168140873
82,3,11.601640358156256,2,4773.499642,5049.99041,4857.9357296,110.26318017523643,4721.0259084577965,4994.845550742203
81,3,11.59296709216411,3,5032.138954,5260.745012,5128.605375600001,96.71433599678338,5008.5186664903695,5248.692084709633
80,3,11.570701361628865,2,4977.942529,5268.752311,5057.416671200001,123.2743792006103,4904.351312655571,5210.48202974443
79,3,11.482647908910208,2,4915.67448,5127.74403,4984.7992838,92.56989751941784,4869.858574740151,5099.739992859849
78,3,11.47871390879658,3,4981.192064,5179.537824,5029.1721902,84.3138017997436,4924.482777960333,5133.861602439667
77,3,11.425270106216304,3,5012.438276,5089.305932,5046.2870282,27.51068163305305,5012.128005252399,5080.446051147602
76,3,11.31890683767651,2,4990.908752,5223.192478,5051.782228,97.89008385367441,4930.235635105596,5173.328820894404
75,3,11.30275338136686,3,5187.489707,5307.804988,5249.8241958,47.800276629799875,5190.47231320843,5309.17607839157
74,3,11.165915009527883,3,4934.622878,5160.762283,5006.2267012,89.59750321309707,4894.976707138537,5117.476695261464
73,3,11.107440569276074,2,5102.621465,5236.748349,5155.1835588,64.93774479277525,5074.552698971475,5235.814418628525
72,3,11.101429322389075,2,4789.13802,4989.430308,4862.1420742,81.36730437409435,4761.111221734325,4963.172926665675
71,3,11.06948530872145,3,4934.042216,5169.49674,5038.069616000001,96.95776078330833,4917.68065509669,5158.458576903311
70,3,11.069063962232761,3,4809.762715,5045.774275,4894.274669,90.95788722445079,4781.3355350880165,5007.213802911984
69,3,11.055399314362191,3,4980.022345,5239.433972,5043.4244824,110.34370099395957,4906.414681456089,5180.4342833439105
68,3,11.047637575518127,2,4998.016968,5110.33748,5043.493217599999,41.114365575858514,4992.442990058765,5094.543445141234
67,3,11.025531370414752,1,4987.458997,5123.922988,5040.335986,67.66338877587624,4956.320792165957,5124.351179834043
66,3,11.014711707530068,3,4955.008638,5122.219676,5028.405563599999,63.28580524336489,4949.825857637054,5106.985269562945
65,3,10.991097351948078,3,4846.131748,5129.217316,4928.8687544,116.12073976658837,4784.685812396352,5073.051696403649
64,3,10.988765080754069,3,4862.36794,4983.307055,4896.7548664000005,49.52415642335142,4835.262504331685,4958.247228468316
63,3,10.944847783317957,2,5128.108385,5313.802116,5180.7385398,76.17448638454304,5086.155422480759,5275.321657119241
62,3,10.941842715009205,3,4826.677867,4950.614094,4882.638413799999,45.56608835534688,4826.0606423538475,4939.216185246151
61,3,10.914155853752497,3,4926.229139,5031.885079,4956.6619938,44.48440661105358,4901.427307633166,5011.896679966835
60,3,10.883491765054087,3,4876.636881,5019.473325,4916.000967,61.070972192248995,4840.171339498479,4991.830594501521
59,3,10.856827437147555,2,4997.338254,5182.670169,5060.6235160000015,75.60547653738008,4966.746917722561,5154.500114277442
58,3,10.829535539440275,3,4886.884262,5024.740025,4945.850218400001,66.4946306199354,4863.286229490703,5028.414207309299
57,3,10.814355921644154,3,4940.076108,5065.825564,4998.057884,53.77376384727395,4931.288937387241,5064.826830612758
56,3,10.630001081843778,2,4912.521712,5110.398829,4960.548626000001,84.21914032550947,4855.976751504899,5065.1205004951025
55,3,10.603023861144518,3,4941.311002,5188.826877,5048.349981800001,101.84437200897322,4921.893491664956,5174.806471935046
54,3,10.599328752331456,3,4864.707415,5019.942945,4900.4664584,66.8854077266041,4817.41725562606,4983.51566117394
53,3,10.551029001950477,3,4847.892438,5039.085482,4918.7659886,85.85489485559924,4812.163056595118,5025.368920604882
52,3,10.46649267902099,2,4826.116603,5034.824019,4887.911892800001,84.5062709137908,4782.98349859067,4992.840287009331
51,3,10.454014587707444,3,5021.900899,5350.056484,5105.7692672,138.81464434110248,4933.4081209093265,5278.130413490674
50,3,10.445769334998737,3,4923.578784,5132.51806,5013.681341,90.23831068610596,4901.635679369574,5125.727002630427
49,3,10.437247194543206,3,4866.130334,5051.295779,4943.7841856000005,67.89322235414589,4859.483615686259,5028.084755513742
48,3,10.420910228957927,2,4968.634846,5219.181052,5043.3505394,100.92818812266673,4918.031641812243,5168.669436987758
47,3,10.370682234067342,2,4925.08893,5128.956383,4988.5601328,85.65412156015965,4882.206493767851,5094.91377183215
46,3,10.318368717970877,3,4800.038321,4995.283656,4861.8846582,84.76622980129098,4756.633482399068,4967.135834000931
45,3,10.284390745202169,2,4797.90837,5023.82507,4872.5250566,91.03722639012979,4759.4874101023515,4985.562703097649
44,3,10.269608025625896,3,4804.643493,5037.404359,4863.054482199999,98.53682312472469,4740.70485643656,4985.404107963439
43,3,10.213923682894839,3,5037.879669,5203.845897,5105.0967718,62.25973949789509,5027.791094732912,5182.402448867088
42,3,10.025566268296272,3,4906.870926,5136.597857,4978.690774199999,92.7856581948708,4863.48216287723,5093.899385522769
41,3,9.988892881596037,3,4790.772094,4971.125531,4842.011526,74.22062898420305,4749.854443072229,4934.168608927772
40,3,9.882441550548124,2,4843.241753,4990.299302,4900.2735378,57.34677915031131,4829.068106720715,4971.478968879284
39,3,9.854584618338816,3,5134.814019,5490.699703,5255.9359106,145.6709312929004,5075.061559640474,5436.810261559526
38,3,9.739800100618082,3,5212.817046,5417.20273,5271.2547098,83.5506467413664,5167.512879721305,5374.996539878694
37,3,9.694589728296913,3,5043.689372,5165.989684,5084.8243572,47.066488254467366,5026.383593216322,5143.265121183678
36,3,9.664748781008226,3,4788.292013,4940.803759,4873.5626090000005,66.52471187899208,4790.961269274313,4956.163948725688
35,3,9.586833575273957,3,4759.067987,5007.426923,4844.272929600001,104.90254579440766,4714.019215175576,4974.526644024425
34,3,9.512634650820981,2,4927.755806,5038.111751,4965.809548,51.00973641372069,4902.472594741311,5029.14650125869
33,3,9.44749252447442,3,4875.501665,5004.308621,4909.4908916,54.32234915443756,4842.040786361437,4976.9409968385635
32,3,9.43557703587862,3,4870.507625,5075.184488,4924.303181,85.17122196260043,4818.549141012848,5030.0572209871525
31,3,9.42181304208484,3,4938.004233,5085.476544,5013.611070000001,67.58803095765207,4929.689445255824,5097.532694744178
30,3,9.393864061183768,3,4937.034894,5161.791202,5035.4234008,90.50135559912316,4923.0511257711905,5147.79567582881
29,3,9.378966147715854,2,4986.916473,5265.119531,5083.3929654,124.5849096575974,4928.700368368685,5238.085562431315
28,3,9.264630969445033,3,4827.17553,4976.881601,4883.3506204,61.90564413530352,4806.484610796544,4960.216630003455
27,3,9.259730341646025,2,4963.805012,5139.096188,5036.688322200001,75.32644002584259,4943.158193513098,5130.218450886903
26,3,9.210750078033819,3,4833.044467,4992.029997,4884.1512394,64.0180472020735,4804.662334959011,4963.640143840989
25,3,9.04675262179751,2,4874.194467,5091.378661,4950.907500200001,89.27588020525684,4840.056853848341,5061.7581465516605
24,3,9.006444859099512,3,4875.996407,5098.315748,4943.7565478,88.36543364367361,4834.0363701660735,5053.476725433926
23,3,8.860261734283023,3,4932.934564,5153.259627,4998.0119626,89.52203737344269,4886.8556717547235,5109.168253445276
22,3,8.742169410392362,3,4958.292286,5253.954996,5043.971858,120.72278529712021,4894.0747217433645,5193.868994256635
21,3,8.70867601877576,3,4991.658212,5266.90158,5058.3819102,117.02075829406614,4913.081447593138,5203.682372806861
20,3,8.586970711490762,3,4867.415553,5140.047375,4956.768387,115.78648953142175,4813.000471479722,5100.536302520278
19,3,8.56328564278922,1,4987.852679,5209.687188,5040.226678,95.19479246890998,4922.026731382511,5158.426624617489
18,3,8.345085140368555,2,4685.010181,4825.439173,4772.9692236,59.56471168556696,4699.009865541421,4846.928581658579
17,3,8.220826296668726,3,5151.311451,5404.012106,5267.4622596,104.16391603012066,5138.125675161833,5396.798844038167
16,3,8.003492050349022,3,4787.561627,4976.671798,4866.9577604,79.56254747316258,4768.167809603577,4965.747711196423
15,3,7.810877927608395,3,4815.822052,5047.392466,4867.733400800001,100.62918747434318,4742.785761552682,4992.68104004732
14,3,7.726631478205758,3,4825.645489,5088.257773,4906.291517800001,109.097038055984,4770.82965334397,5041.753382256033
13,3,7.099760770617559,3,5022.651786,5207.534196,5104.4160716,80.08397829209977,5004.978678928191,5203.853464271809
12,3,6.944282108324801,3,4920.004983,5122.677708,5009.1843406,99.91613898442019,4885.122067991535,5133.246613208465
11,3,6.927948108928068,3,4994.181558,5205.761992,5060.6953766,88.09275580026386,4951.313773227322,5170.076979972678
10,3,6.764974574970705,3,4844.734437,5039.690742,4910.232027399999,76.31116882533608,4815.47919641485,5004.984858385149
9,3,6.281031921587408,2,5034.163882,5165.337777,5073.3370284,55.01484565717782,5005.027075185158,5141.646981614843
8,3,6.2519145867486055,2,4958.429317,5092.182138,4994.148273000001,55.87601286083529,4924.769039472012,5063.527506527989
7,3,5.994048548351939,3,4842.870201,5054.072036,4907.151462599999,84.24626873618178,4802.545903734039,5011.757021465959
6,3,5.770928001630243,3,4939.615769,5080.822117,4993.6817552,52.59630323019326,4928.3748190446795,5058.988691355321
5,3,5.476148737936178,3,4800.493193,4937.979883,4860.2541038,56.168788419849975,4790.511341400853,4929.996866199147
4,2,10.504568529930202,1,5084.750826,5254.897535,5157.1050146,66.08301397234698,5075.05211526304,5239.15791393696
3,2,9.304079804042955,2,4875.137478,5065.562403,4941.9621716,79.80671175782145,4842.869050801689,5041.055292398311
2,2,8.041095323399668,2,4894.798884,5017.155529,4935.1544871999995,49.28010525742927,4873.96515467811,4996.343819721889
1,2,6.289761601205565,2,4842.11681,5032.604227,4936.195452,77.2985849345288,4840.216581980899,5032.174322019101